Job Title,Company,Location,Posting Date,Extract Date,Summary,Job Url,Job Description
Data Scientist - Customer Analytics,"Amazon Web Services, Inc.",Louisiana+2 locations,Posted30+ days ago,2022-05-12,"
Hands on experience working on large-scale data science/data analytics projects.
Hands on experience with building data or machine learning pipeline.
",https://www.indeed.com/rc/clk?jk=fa378ed9974cf681&fccid=fe2d21eef233e94a&vjs=3,"

Bachelor’s degree in Computer Science, Engineering, Mathematics or a related field or equivalent professional or military experience
8+ years of experience of Data platform implementation
3+ years of hands-on experience in implementation and performance tuning of Kinesis, Kafka, Spark or similar implementations
Hands on experience with building data or machine learning pipeline
Experience with one or more relevant tools (Flink, Spark, Sqoop, Flume, Kafka, Amazon Kinesis)
Experience developing software code in one or more programming languages (Java, JavaScript, Python, etc)
Current experience with hands-on implementation
 At Amazon Web Services (AWS), we’re hiring highly technical Data and Machine Learning engineers to collaborate with our customers and partners on key engagements. Our consultants will develop and deliver proof-of-concept projects, technical workshops, and support implementation projects. These professional services engagements will focus on customer solutions such as Machine Learning, Data and Analytics, HPC and more. 
 In this role, you will work with our partners, customers and focus on our AWS offerings such Amazon Kinesis, AWS Glue, Amazon Redshift, Amazon EMR, Amazon Athena, Amazon SageMaker and more. You will help our customers and partners to remove the constraints that prevent them from leveraging their data to develop business insights. 
 
 AWS Professional Services engage in a wide variety of projects for customers and partners, providing collective experience from across the AWS customer base and are obsessed about customer success. Our team collaborates across the entire AWS organization to bring access to product and service teams, to get the right solution delivered and drive feature innovation based upon customer needs. 
 
 You will also have the opportunity to create white papers, writing blogs, build demos and other reusable collateral that can be used by our customers. Most importantly, you will work closely with our Solution Architects, Data Scientists and Service Engineering teams. 
 
 The ideal candidate will have extensive experience with design, development and operations that leverages deep knowledge in the use of services like Amazon Kinesis, Apache Kafka, Apache Spark, Amazon Sagemaker, Amazon EMR, NoSQL technologies and other 3rd parties. 
 
 Inclusive Team Culture 
 Here at AWS, we embrace our differences. We are committed to furthering our culture of inclusion. We have thirteen employee-led affinity groups, reaching 85,000 employees in over 190 chapters globally. We have innovative benefit offerings, and host annual and ongoing learning experiences, including our Conversations on Race and Ethnicity (CORE) and AmazeCon (gender diversity) conferences. Amazon’s culture of inclusion is reinforced within our 16 Leadership Principles, which remind team members to seek diverse perspectives, learn and be curious, and earn trust. 
 
 Work/Life Balance 
 Our team puts a high value on work-life harmony. Striking a healthy balance between your personal and professional life is crucial to your happiness and success here. We are a customer-obsessed organization—leaders start with the customer and work backwards. They work vigorously to earn and keep customer trust. As such, this is a customer facing role in a hybrid delivery model. Project engagements include remote delivery methods and onsite engagement that will include travel to customer locations as needed. 
 
 Mentorship & Career Growth 
 Our team is dedicated to supporting new members. We have a broad mix of experience levels and tenures, and we’re building an environment that celebrates knowledge sharing and mentorship. We care about your career growth and strive to assign projects based on what will help each team member develop into a better-rounded professional and enable them to take on more complex tasks in the future. 
 
 This is a customer facing role. You will be required to travel to client locations and deliver professional services when needed. 
 


Masters or PhD in Computer Science, Physics, Engineering or Math.
Familiar with Machine learning concepts
Hands on experience working on large-scale data science/data analytics projects
Hands-on experience with technologies such as AWS, Hadoop, Spark, Spark SQL, MLib or Storm/Samza.
Experience Implementing AWS services in a variety of distributed computing, enterprise environments.
Experience with at least one of the modern distributed Machine Learning and Deep Learning frameworks such as TensorFlow, PyTorch, MxNet Caffe, and Keras.
Experience building large-scale machine-learning infrastructure that have been successfully delivered to customers.
Experience defining system architectures and exploring technical feasibility trade-offs.
3+ years experiences developing cloud software services and an understanding of design for scalability, performance and reliability.
Ability to prototype and evaluate applications and interaction methodologies.
Experience with AWS technology stack.
Written and verbal technical communication skills with an ability to present complex technical information in a clear and concise manner to a variety of audiences.
 Amazon is committed to a diverse and inclusive workplace. Amazon is an equal opportunity employer and does not discriminate on the basis of race, national origin, gender, gender identity, sexual orientation, protected veteran status, disability, age, or other legally protected status. For individuals with disabilities who would like to request an accommodation, please visit https://www.amazon.jobs/en/disability/us. 
 
 For employees based in Colorado, this position starts at $122,300 per year. A sign-on bonus and restricted stock units may be provided as part of the compensation package, in addition to a range of medical, financial, and/or other benefits, dependent on the position offered.
"
Data Scientist - Customer Analytics,First Horizon Bank,"Lafayette, LA 70501",Posted30+ days ago,2022-05-12,"
Work closely with other data engineers, business analysts and data architect to produce deliverables for internal and external stakeholders.
",https://www.indeed.com/rc/clk?jk=654bef735e60e70b&fccid=a98e297eee7d22ba&vjs=3,"


You will be responsible for aggregating data from multiple sources into an efficient data environment. As an Enterprise Data Management (EDM) Engineer, you will be designing, developing, and maintaining enterprise-level data solutions that improve data reliability and quality for the business. Our work requires a team mentality, where you are expected to work with many other people effectively. This includes working with EDM Business Analysts, other engineers, and third party vendors.
 This is not a remote opportunity
 ESSENTIAL DUTIES AND RESPONSIBILITIES

 Work closely with other data engineers, business analysts and data architect to produce deliverables for internal and external stakeholders.
 Participate in all phases of project development including scope definition, plan, design, data collection and analysis
 Interface with internal and external business units to understand workflows, data collection and reporting goals.
 Understand and analyze business needs, data from different data sources, research complex data models and create data marts from scratch to direct business and operational decisions.
 Troubleshoot and solve data-related issues
 Perform all other duties/responsibilities as assigned


 QUALIFICATIONS
 To perform this job successfully, an individual must be able to perform each essential duty satisfactorily. Additionally, the qualifications listed below are representative of the knowledge, skills, and/or abilities required in this position:


 Required:
     
 Bachelor Degree in Computer Science, Engineering, MIS, Statistics, Math, or equivalent educational experience

 Preferred:
 2+ years of experience with Database Management, preferably SQL Server
 2+ years of experience creating ETL solutions, preferably using SQL Server Integration Services (SSIS) is preferred.
 1-2 years of experience creating tabular model solutions using SQL Server Analysis Services (SSAS) is preferred.
 Experience with Hadoop, Azure SQL Database and\or Cloudera are preferred.
 Experience at a financial institution is preferred


 #INDSE

 Equal Opportunity Employer/Protected Veterans/Individuals with Disabilities
 The contractor will not discharge or in any other manner discriminate against employees or applicants because they have inquired about, discussed, or disclosed their own pay or the pay of another employee or applicant. However, employees who have access to the compensation information of other employees or applicants as a part of their essential job functions cannot disclose the pay of other employees or applicants to individuals who do not otherwise have access to compensation information, unless the disclosure is (a) in response to a formal complaint or charge, (b) in furtherance of an investigation, proceeding, hearing, or action, including an investigation conducted by the employer, or (c) consistent with the contractor’s legal duty to furnish information. 41 CFR 60-1.35(c)

"
Data Scientist - Customer Analytics,Tulane University,"New Orleans, LA",Posted22 days ago,2022-05-12,"
Highly proficient data analysis and data management skills.
Ability to efficiently install and support data management systems, including databases, data design…
",https://www.indeed.com/rc/clk?jk=d35ca92e7e9198b1&fccid=32f1f726276ba707&vjs=3,"The Data Engineer I is responsible for the installation, testing, maintenance, and development of scalable data-management systems. The Data Engineer I is responsible for the execution and monitoring of Extract, Transform, Load (ETL) operations. Additional responsibilities of the position include conducting data analysis, data integrity, and quality assurance testing; creating reports and dashboards for data consumption by the user community; assisting the Data Architect Team with evaluating data-management technologies, and performs other related tasks as assigned. Required Knowledge, Skills, and Abilities
Excellent oral and written communication skills.
Excellent analytical and problem solving skills.
Ability to effectively identify and troubleshoot issues, as well as provide viable solutions and/or recommendations.
Highly proficient data analysis and data management skills.
Working knowledge of Agile Practices.
Familiarity with multiple programming languages and frameworks.
Working knowledge of SDLC Methodologies and Practices .
Sound knowledge of SQLServer, Oracle, NoSQL and Graph databases.
Demonstrated proficiency in the utilization of Data Visualization tools (Cognos, Power BI, MicroStrategy, or similar tools.
Proficient use of Informatica or similar ETL tools.
Ability to efficiently install and support data management systems, including databases, data design software, and ETL software.
Required Education and/or Experience
Bachelor's Degree and two (2) years' IT experience, including SQL, Data Modeling tools, ETL, Data Warehousing, Data Visualization, Linux and Windows OS experience, plus one (1) year Agile Project Management experience;
OR
High School Diploma/Equivalent and eight (8) years' IT experience, including SQL, Data Modeling tools, ETL, Data Warehousing, Data Visualization, Linux and Windows OS experience, plus one (1) year Agile Project Management experience.
Preferred Qualifications
Business Intelligence experience in Higher Education."
Data Scientist - Customer Analytics,Noodle,"Remote in New Orleans, LA 70118+1 location",Posted30+ days ago,2022-05-12,"
Building Tableau visualizations to make data actionable.
Identifying new data we need and developing ingestion processes.
",https://www.indeed.com/rc/clk?jk=552e017fbbb4d473&fccid=2fa3aafd0cd164bc&vjs=3,"

Data Analytics Engineer (Contract to Hire)
 Online education is no longer a novel or niche idea. It is the fastest-growing segment in higher education, accounting for 20% of all enrollees and 35% of graduate-level certificates and degrees. It's also getting increasingly competitive, as more and better programs are launched each semester. Universities need to go online quickly, economically, and elegantly, creating programs that students can't wait to tell their friends about and that their professors want to teach.
 Noodle helps universities bring programs online with flexibility, transparency, alignment, efficiency, and joy. That's why more top universities chose us last year than all other online program managers combined. We are a passionate team of technologists, educators, and experts. Online learning has the potential to transform higher education; if you’re interested in being part of that journey, keep reading!
 About the Role:
 As a Data Analytics Engineer - Contract at Noodle, you would build analytics products to inform strategic decision making, both internally and for our university partners. Our products help senior leaders understand successes and opportunities across all parts of the student journey, from engagement with our online marketing materials through enrollment, all the way to graduation.
 As a Data Analytics Engineer (Contract to Hire) at Noodle you will:
 Be responsible for collaboratively building data analytics pipelines and dashboards for multiple stakeholders. This includes…

 Translating high-level product requirements into technical requirements
 Identifying new data we need and developing ingestion processes
 Clarifying business rules and implementing them in code
 Transforming data using SQL to power our analytics products
 Writing automated tests, documenting your work, and reviewing others’ work
 Building Tableau visualizations to make data actionable
 Teaching stakeholders how to use your products and incorporating their feedback

 You have:

 Experience using git, complex SQL, and AWS to build and deploy data products
 Experience creating visualizations in Tableau
 Ability to work cross-functionally to iteratively develop data products and processes
 Experience analyzing data from digital marketing, CRM, SIS or LMS tools
 Experience using dbt and AWS Athena (Bonus)

 At Noodle, we hire people who will help us change the future of online education. Even if you don't think you check off every bullet point on this list, we still encourage you to apply! We value both current experience and future potential
 Meet the team!
 Noodle is committed to creating a welcoming and inclusive workplace for everyone. We value and celebrate our differences because those differences are what make our team shine. We hire great people from different backgrounds, not just because it's the right thing to do, but because it makes us stronger as a whole. Women, people of color, LGBTQIA2S+ individuals, and members of other underrepresented groups are strongly encouraged to apply. Noodle is an equal opportunity employer and does not discriminate against candidates on the basis of race, ethnicity, religion, sex, gender, sexual orientation, gender identity, disability status, or veteran status.
 Noodle won Built In NYC’s 100 Best Places to Work, Best Midsize Companies, and Best Perks & Benefits 2021, and 2022 and was named one of Crain’s 100 best places to work in NYC in 2021.

 #LI-Remote

"
Data Scientist - Customer Analytics,Blue Cross Blue Shield of Louisiana,"Baton Rouge, LA 70806+1 location",Posted9 days ago,2022-05-12,"
Completion of a data engineer or relevant internship program.
Support of a data warehousing, data mart, data lake, and/or business intelligence environment.
",https://www.indeed.com/rc/clk?jk=8143dc33b65a4cbf&fccid=4f8f5d6678a5792a&vjs=3,"We take great strides to ensure our employees have the resources to live well, be healthy, continue learning, develop skills, grow professionally and serve our local communities. We invite you to apply for a career with Blue Cross.
Please note that effective Jan. 4, 2022, Blue Cross and Blue Shield of Louisiana will require any employee who enters any of our offices or who interacts in person with anyone for company business purposes to be fully vaccinated for COVID‑19, unless legally entitled to a reasonable accommodation related to religious or medical exemptions. Please note this is subject to change at any point in time to ensure compliance with company policy or government mandates.
Residency in or relocation to Louisiana is preferred for all positions.
POSITION PURPOSE :
This position develops data integration solutions using data integration tools or other means based upon the direction determined by the agile team’s technical lead and in association with the Lead Data Engineers, Principal Data Engineers, and functional manager.
This position complies with all laws and regulations associated with duties and responsibilities.
NATURE AND SCOPE :
This position reports to the Manager of Enterprise Information Management
DIRECT REPORTS:
This position has no direct reports.
NECESSARY CONTACTS:
To do this job effectively the incumbent has to be in contact with:
All levels of BCBSLA personnel and outside vendors
QUALIFICATIONS :
EDUCATION:
Bachelor’s Degree in Computer Science or related field required. Four years of related experience can be used in lieu of a degree. Advanced degree or certification preferred.
Requires knowledge in areas such as data mart, data warehouse, or data lake development, ETL/ELT data integration patterns, web and cloud-oriented systems integration and communication-based systems, languages such as C#, Python or Java. Additional training for integration tools used will be supplied.
Completion of a data engineer or relevant internship program.
One year of professional information technology work experience with deployment and support of data integration or API solutions preferred.
Experience in one of the following areas is required:
Support of a data warehousing, data mart, data lake, and/or business intelligence environment
ETL/ELT development background with Informatica PowerCenter, DataStage, SSIS, or Azure Data Factory
Development experience with Teradata, Oracle, SQL Server, Data Lake, or Sybase repositories
Other programming language such as C#, Python, PL/SQL, SparkSQL, NoSQL
Shared API for web or cloud applications development background
Big Data technologies such as Hadoop, Spark, Artificial Intelligence (AI), Machine Learning (ML), Natural Language Processing (NLP)
Experience in the following areas is preferred:
BI tools or reporting experience with SSAS, SSRS, BOE, and/or Tableau
Project Management Experience
Healthcare Payer experience
Experience working in an agile development methodology
DevOps experience (automation of code or workflow through release pipeline)
Data warehousing development lifecycle
The following skills are required:
Ability to design, develop and debug basic ETL/ELT or API solutions based on business requirements under the guidance of the team’s technical lead
Ability to evaluate the test results of others
Ability to become self-sufficient with integration tools
Ability to create integrations to build dimensional databases, data marts, data lake, and cubes under the guidance of the team’s technical lead
Strong analytical, problem-solving and decision-making skills along with the ability to react quickly to changing requirements due to product limitation or driven by enterprise need
Ability to develop Unit Test Plans and Test Data under the guidance of the team’s technical lead
Ability to support the resolution of issues found in workflows, mappings, stored procedures, and data pipelines
Support the development of system and integration test plans
Ability to execute test plans and document results and discrepancies under the guidance of the team’s technical lead
Ability to write basic SQL queries
Knowledge of SQL data types and functions
Good communication and writing skills with an attention to detail
ACCOUNTABILITES & ESSENTIAL FUNCTIONS :
Works under the guidance of the team’s technical lead to analyze data integration requirements and create integration solutions that support the application development efforts.
Supports the team’s technical lead in the modification and implementation of database or data lake integration solutions to support business requirements.
Assists in the capture of data integration metadata, lineage, and catalog through configuration and parameterization.
Works under the guidance of the team’s technical lead to develop, execute and evaluate data quality test plans to ensure compliance with corporate expectations.
Follows the software development lifecycle as required to ensure that the company meets regulatory requirements.
Assists in the development of strategies for data acquisition, archive recovery, and database/data lake implementation.
Supports the management of data migrations/conversions and troubleshooting data processing issues.
The physical demands described here are representative of those that must be met by an employee to successfully perform the essential functions of the job. Reasonable Accommodations may be made to enable individual with disabilities to perform the essential functions.
Job duties are performed in a normal and clean office environment with normal noise levels.
Work is predominately done while sitting or standing.
The ability to comprehend, document, calculate, visualize, and analyze are all required.
\#LI_JH1
An Equal Opportunity Employer
All BCBSLA EMPLOYEES please apply through Workday Careers.
PLEASE USE A WEB BROWSER OTHER THAN INTERNET EXPLORER IF YOU ENCOUNTER ISSUES (CHROME, FIREFOX, SAFARI)
Additional Information
Please be sure to monitor your email frequently for communications you may receive during the recruiting process. Due to the high volume of applications we receive, only those most qualified will be contacted. To monitor the status of your application, please visit the ""My Applications"" section in the Candidate Home section of your Workday account.
If you are an individual with a disability and require a reasonable accommodation to complete an application, please contact recruiting@bcbsla.com for assistance.
In support of our mission to improve the health and lives of Louisianians, Blue Cross encourages the good health of its employees and visitors. We want to ensure that our employees have a work environment that will optimize personal health and well-being. Due to the acknowledged hazards from exposure to environmental tobacco smoke, and in order to promote good health, our company properties are smoke and tobacco free.
Blue Cross and Blue Shield of Louisiana performs background and pre-employment drug screening after an offer has been extended and prior to hire for all positions. As part of this process records may be verified and information checked with agencies including but not limited to the Social Security Administration, criminal courts, federal, state, and county repositories of criminal records, Department of Motor Vehicles and credit bureaus. Pursuant with sec 1033 of the Violent Crime Control and Law Enforcement Act of 1994, individuals who have been convicted of a felony crime involving dishonesty or breach of trust are prohibited from working in the insurance industry unless they obtain written consent from their state insurance commissioner.
Additionally, Blue Cross and Blue Shield of Louisiana is a Drug Free Workplace. A pre-employment drug screen will be required and any offer is contingent upon satisfactory drug testing results.
JOB CATEGORY: Data Analytics/Warehousing, & Business Intelligence"
Data Scientist - Customer Analytics,IBM,"Baton Rouge, LA 70801+3 locations",Posted13 days ago,2022-05-12,"
You analyze and organize the data needed and work closely with data scientists to query data in order to uncover the stories hidden in data and find patterns in…
",https://www.indeed.com/rc/clk?jk=745503c19eb59ad9&fccid=de71a49b535e21cb&vjs=3,"


Introduction
 At IBM, work is more than a job - it's a calling: To build. To design. To code. To consult. To think along with clients and sell. To make markets. To invent. To collaborate. Not just to do something better, but to attempt things you've never thought possible. Are you ready to lead in this new era of technology and solve some of the world's most challenging problems? If so, lets talk.
   

Your Role and Responsibilities

Overview:
 IBM is a global cognitive and cloud company changing the way the world works. We foster a culture of creative, innovative thinkers; people who are curious about how technology can transform businesses and impact the world. Our consultants are part of IBM Services where we engage with clients across every industry to deliver technology-driven solutions. We cultivate a diverse, inclusive, global team of people who want to pioneer, reimagine and disrupt the future. We’re driven to stay ahead in the marketplace and enhance our relevance to be essential to our clients, and this begins with our talent.
   

Job role description: Associate Data Engineer
 You analyze and organize the data needed and work closely with data scientists to query data in order to uncover the stories hidden in data and find patterns in the numbers. As an Associate Data Engineer, you’ll help gather and collect data, store data, and perform batch processing and real-time processing.
   
 You’ll work closely with other teams to determine what data management systems are appropriate and which data are needed for analysis. As an Associate Data Engineer, you’ll be able to wrestle with and help solve problems associated with database integration and messy, unstructured data sets.
   

Work you could do as an Associate Data Engineer:


Implement and validate predictive models as well as create and maintain statistical models with a focus on big data.
Communicate with internal and external clients to understand and define business needs, providing analytical solutions.
Use leading edge tools such as Linux, SQL, Python, Spark, Hadoop, Java, and Cloud Vendors such as AWS, Azure, etc.
Work in an Agile, collaborative environment, partnering with other scientists, engineers, consultants and database administrators of all backgrounds and disciplines to bring analytical rigor and statistical methods to the challenges of predicting behaviors.
Build teams or writing programs to cleanse and integrate data in an efficient and reusable manner, developing predictive or prescriptive models, and evaluating modeling results
Communicate results to technical and non-technical audiences


 About the Client Innovation Center (CIC):


The IBM Client Innovation Center is an in-bound delivery model where we support our clients from our Baton Rouge center
Some travel is expected, and all candidates must be willing and able to travel to meet our client needs across the US. Travel is typically related to knowledge transfer and training at the client site. You are expected to travel up to 50% of the time.
You must live in, or be willing to relocate to Louisiana once our offices reopen permanently (currently, many IBM offices are working remotely due to Covid)
Our motto: Right Time, Right Place, Change the World.
Check us out on YouTube: https://youtu.be/ipp-4fZv_ys

 START DATES AVAILABLE AS EARLY AS JANUARY 2022
   

Required Technical and Professional Expertise


 You’re great at solving problems by looking at thing differently, debugging, troubleshooting, and designing & implementing solutions to complex technical issues.
 You thrive on teamwork and have excellent verbal and written communication skills. 
 Strong fundamentals in Mathematics and Computer Science (algorithms)
 You have strong technical and analytical abilities, a knack for driving impact and growth, and some experience with programming/scripting in a language such as Java or Python. 
 You're proficient at least one of the statistical programming language such as R, Python, or Scala
 You have an interest in, understanding of, or experience with Design Thinking and Agile Development Methodologies
 You have a basic understanding of Cloud (AWS,Azure, etc)


 Preferred Technical and Professional Expertise


 Bachelor's in Computer Science, Data Science, Math, Statistics or related areas preferred
 Tableau knowledge preferred
 PowerBI experience preferred
 Data warehousing and ETL experience a plus!
 Hadoop (Hbase, Hive, Mapreduce) preferred
 Knowledge of SQL preferred





 About Business Unit
 IBM Services is a team of business, strategy and technology consultants that design, build, and run foundational systems and services that is the backbone of the world's economy. IBM Services partners with the world's leading companies in over 170 countries to build smarter businesses by reimagining and reinventing through technology, with its outcome-focused methodologies, industry-leading portfolio and world class research and operations expertise leading to results-driven innovation and enduring excellence.
   


    This job requires you to be fully COVID-19 vaccinated prior to your start date, where legally permissible. Proof of vaccination status will be required. If you are unable to be vaccinated due to medical, pregnancy or religious reasons, we offer accommodations in accordance with applicable law.
  



 Your Life @ IBM
 Are you craving to learn more? Prepared to solve some of the world's most unique challenges? And ready to shape the future for millions of people? If so, then it's time to join us, express your individuality, unleash your curiosity and discover new possibilities.
   
 Every IBMer, and potential ones like yourself, has a voice, carves their own path, and uses their expertise to help co-create and add to our story. Together, we have the power to make meaningful change – to alter the fabric of our clients, of society and IBM itself, to create a truly positive impact and make the world work better for everyone.
   
 It's time to define your career.
  



 About IBM
 IBM’s greatest invention is the IBMer. We believe that through the application of intelligence, reason and science, we can improve business, society and the human condition, bringing the power of an open hybrid cloud and AI strategy to life for our clients and partners around the world.
   
 Restlessly reinventing since 1911, we are not only one of the largest corporate organizations in the world, we’re also one of the biggest technology and consulting employers, with many of the Fortune 50 companies relying on the IBM Cloud to run their business. 
   
 At IBM, we pride ourselves on being an early adopter of artificial intelligence, quantum computing and blockchain. Now it’s time for you to join us on our journey to being a responsible technology innovator and a force for good in the world.
  



 Location Statement
 Supplemental 1 employees may be eligible for paid holidays, paid sick time and Employee Stock Purchase Plan.
   
 US Citizenship required. 
   
 We consider qualified applicants with criminal histories, consistent with applicable law.
  



 Being You @ IBM
 IBM is committed to creating a diverse environment and is proud to be an equal opportunity employer. All qualified applicants will receive consideration for employment without regard to race, color, religion, gender, gender identity or expression, sexual orientation, national origin, genetics, pregnancy, disability, age, veteran status, or other characteristics. IBM is also committed to compliance with all fair employment practices regarding citizenship and immigration status.
  

"
Data Scientist - Customer Analytics,Deloitte,"New Orleans, LA 70139 (Central Business District area)",PostedToday,2022-05-12,"
Collaborate with fellow engineers, engineering program managers, data scientists, and business teams to understand the business landscape to effectively design…
",https://www.indeed.com/rc/clk?jk=5ac34f486a9ce6c2&fccid=9e215d88a6b33622&vjs=3,"

  Are you an experienced, passionate pioneer in technology? An industry solutions professional who wants to work in a collaborative environment. As an experienced 
  Senior Systems Engineer - Big Data Platforms you will have the ability to share new ideas and collaborate on projects as a consultant without the extensive demands of travel. If so, consider an opportunity with Deloitte under our Project Delivery Talent Model. Project Delivery Model (PDM) is a talent model that is tailored specifically for long-term, onsite client service delivery. PDM practitioners are local to project locations, minimizing extensive travel, and provides you with a full career path within the firm.
  

Work you'll do/Responsibilities 

 This is an opportunity to join a fast-paced team that plays a key role in the overall success of our client's organization through technology enablement. You'll play a critical part in driving our client's technology vision forward and ensuring execution across multiple initiatives while working directly with our client's employees as well as Deloitte counterparts.
  

 Design, Build, and Implement complex large-scale, and high-volume data platforms for downstream analytics and data science use.
 Collaborate with fellow engineers, engineering program managers, data scientists, and business teams to understand the business landscape to effectively design technical requirements and solutions.
 Platform components can range from core storage and processing capabilities and critical pipelines to exploratory analysis tools, model development and training infrastructure, to online inference architectures that react to real-time signals and preserve the privacy of our customers.
 Architecting innovative solutions while playing a hands-on role to deliver products in a rapid and dynamic environment.
 Develop tools to monitor system health, performance, and reliability.


 The Team 

 As a part of the US Strategy & Analytics Offering Portfolio, the AI & Data Operations offering provides managed AI, Intelligent Automation, and Data DevOps services across the advise-implement-operate spectrum.
  

Qualifications


Required


 Shown deep internals understanding of Hadoop.
 Extensive experience with Big Data, Spark, stream processing, and various database technologies (RDBMS, NoSQL, etc.).
 5+ years of software engineering experience, preferably with Python.
 Experience with building scalable solutions utilizing Cloud and container-based technologies.
 Comfortable with automation and DevOps methodologies.
 Ability to communicate and collaborate effectively within the team and with our stakeholders.
 Bachelor's degree, preferably in Computer Science, Information Technology, Computer Engineering, or related IT discipline; or equivalent experience.
 Limited immigration sponsorship may be available.
 Travel up to 10% annually.


 Preferred


 A self-starter, with a getting-things-done attitude and a problem solver mindset.
 Data analysis and data engineering skills are a plus.


"
Data Scientist - Customer Analytics,SETPOINT INTEGRATED,"Baton Rouge, LA 70809 (Kleinpeter area)",Posted30+ days ago,2022-05-12,"
Ensure data quality amongst various data systems.
Work with product owners to understand and implement reports and data extracts as well as data sources for…
",https://www.indeed.com/rc/clk?jk=b9802fdeec0a3d37&fccid=8214ce2d49c6cc45&vjs=3,"

Job Summary:
 We are seeking a Data Systems Engineer to join our growing organization. We offer a great open office environment to work in as well as the ability to work remotely. This position will assist the Applications System Manager in developing solutions to support the business's analytics and data processing needs.
 Primary Duties & Responsibilities:

 Assist in design, development, and maintenance of data lake warehouse
 Work with product owners to understand and implement reports and data extracts as well as data sources for visualization tools, like Tableau.
 Ensure data quality amongst various data systems
 Deliver project/program objectives on time, with quality, within the scope

 Positional Requirements & Qualifications:

 Experience & Education
    
 5+ years of experience developing SQL queries
 2+ years of experience developing ETL processes
 Bachelor’s degree in computer science, engineering or related field, or related experience 

 Skills & Abilities
    
 Microsoft T-SQL
 Microsoft .NET, SSRS, SSIS, Excel
 Microsoft Visual Studio, SQL Management Studio
 Oracle PL SQL a plus
 Ability to manage multiple, concurrent projects, activities, and tasks under time constraints
 Effective oral and written communication skills and be able to effectively communicate with the business
 Must be able to execute all tasks with exceptional attention to detail 

 Must be able to travel and have a clean driving record in accordance with Setpoint IS driving guidelines
 Clear background check and drug/alcohol screening

 Essential Physical Functions:

 Travel: less than 5%
 Lifting up to 20 pounds
 Bending, stooping, walking

 This job description is intended to describe the general nature and level of the work being performed. This is not an exhaustive list of all duties and responsibilities. Setpoint Integrated Solutions reserves the right to amend and change responsibilities to meet business and organizational needs as necessary.


"
Data Scientist - Customer Analytics,Deloitte,"New Orleans, LA 70139 (Central Business District area)+2 locations",Posted30+ days ago,2022-05-12,"
Implement large-scale data ecosystems including data management, governance and the integration of structured and unstructured data to generate insights…
",https://www.indeed.com/rc/clk?jk=6099b6c6e3907c59&fccid=9e215d88a6b33622&vjs=3,"

  Are you an experienced, passionate pioneer in technology - a solutions builder, a roll-up-your-sleeves technologist who wants a daily collaborative environment, think-tank feel and share new ideas with your colleagues - without the extensive demands of travel? If so, consider an opportunity with Deloitte under our Project Delivery Talent Model. Project Delivery Model (PDM) is a talent model that is tailored specifically for long-term, onsite client service delivery. PDM practitioners are local to project locations, minimizing extensive travel, and provides you with a full career path within the firm
  

Work you'll do/Responsibilities

 As a 
  Snowflake Data Engineer at Deloitte Consulting, you will be working on a team providing design, implementation of new cloud-based products while supporting existing products in Oracle and working with the technical team to troubleshoot issues. You will be responsible for: understanding and documenting the business requirements/technical specifications, performing technical development and/or configuration, designing test cases, creating test data and performing unit testing, communicating with the client, and supporting the overall delivery including status reporting, dependency management and risk/issue identification and mitigation.
  

 Partner with the Analytics team to automate processes that improve data utilization for insights and reporting needs
 Develop and implement most levels of our data stack (ingestion layer, modeling layer, analytics, etc.)
 Debug production issues across services and multiple levels of the stack
 Design, build and improve our ETL platform and pipelines that integrate with our Data lake and Messaging platform. Manage integrations with 3rd party CDP solution(s), constantly improving the efficiency, cost-effectiveness and quality of the integration
 Determine additional technology requirements and data infrastructure needs to support growing business requirements
 Write, analyze and debug SQL queries that range in difficulty from simple to complex
 Ensure standards for engineering excellence, scalability, reliability, and reusability


 The Team

 In this age of disruption, organizations need to navigate the future with confidence, embracing decision making with clear, data-driven choices that deliver enterprise value in a dynamic business environment.
  
 The AI & Data Operations team leverages the power of data, analytics, robotics, science and cognitive technologies to uncover hidden relationships from vast troves of data, generate insights, and inform decision-making. Together with the Strategy practice, our Strategy & Analytics portfolio helps clients transform their business by architecting organizational intelligence programs and differentiated strategies to win in their chosen markets.
  
 AI & Data Operations will work with our clients to:
  

 Implement large-scale data ecosystems including data management, governance and the integration of structured and unstructured data to generate insights leveraging cloud-based platforms.
 Leverage automation, cognitive and science-based techniques to manage data, predict scenarios and prescribe actions.
 Drive operational efficiency by maintaining their data ecosystems, sourcing analytics expertise and providing As-a-Service offerings for continuous insights and improvements.


 Qualifications


 Bachelor's Degree preferably in Computer Science, Information Technology, Computer Engineering, or related IT discipline; or equivalent experience
 7+ years in a Data Engineering or Data Warehousing role
 7+ years coding experience (java or python preferred)
 4+ years hands on experience with big data technologies (Snowflake, Redshift, Hive, or similar technologies)
 Master's Degree (or a B.S. degree with relevant industry experience) in math, statistics, computer science, or equivalent technical field
 Expert level understanding of ETL fundamentals and building efficient data pipelines
 Travel up to 10% annually
 Limited immigration sponsorship may be available


"
Data Scientist - Customer Analytics,Lucid,"Remote in New Orleans, LA",Posted30+ days ago,2022-05-12,"
Support the business teams and product managers in data extracts and data analysis.
Create and maintain optimal data pipeline architecture.
",https://www.indeed.com/rc/clk?jk=4640c25ec175da13&fccid=a7a24e70a190e821&vjs=3,"



    Lucid (a Cint Group company) is a research technology platform that provides programmatic access to first-party data. With respondents in more than 100 countries, Lucid enables anyone, in any industry, to survey online audiences and get the answers they need. These answers reveal the sentiments, motivations, and behaviors of target demographics – data that can be used to build business strategies, measure the impact of digital advertising, publish research, and more. Founded in 2010, Lucid is headquartered in New Orleans, LA with offices throughout the US, Europe, and Asia.
   


 The Opportunity


     Lucid seeks a Data Engineer to join our core data integrations team. This team is working to develop real time data structures and solving big data problems utilizing modern technologies like Python, Java/Scala, SQL, and AWS cloud environment. You will own applications and services running on the backend for the ingestion, storage, and processing of data hosted on AWS.
    




This role is open to candidates living in the United States to work remotely or from one of our US-based office locations (New Orleans, Dallas, New York)



 The ideal candidate for this role will have 3-5+ years of hands-on professional software development experience



 #LI-Remote
   

     #LI-KY1
   



Responsibilities

 Create and maintain optimal data pipeline architecture Write reliable, maintainable, well-documented code that will scale to support millions of respondents Execute the full software development life cycle as part of an Agile team Collaborate with Product Managers to refine and modify requirements Following established design paradigms and design patterns Strong unit testing and integration testing practices Participate in the on-call rotation to monitor shipped features for success and issues Support the business teams and product managers in data extracts and data analysis Demonstrate proficiency in developing software for the user interface, business logic, data modeling and systems, and component integration Build analytics tools that utilize the data pipeline to provide actionable insights into customer acquisition, operational efficiency and other key business performance metrics. Create and maintain optimal data pipeline architecture





Qualifications

 Bachelor's or Master's degree in Computer Science 3-5+ years of hands-on software development experience in Python, Go/Golang, Java, or other modern web technologies Competency in data structures, algorithms, and software design Experience with Amazon Web Services Experience with high volume and high-performance web applications Highly proficient SQL and Database skills Ability to rapidly debug and solve problems in unfamiliar areas Experience in working in an agile environment with rapidly changing requirements and tight deadlines Strong verbal and written communication skills





Preferred Qualifications

 Familiarity with containerization technologies like Docker and Kubernetes Experience with microservice architecture and platforms and building RESTful APIs Advanced working SQL knowledge and experience working with relational databases, noSQL, modeling and query authoring (SQL)





Lucid's Hiring Commitment 




    We understand that many candidates may not be perfectly qualified for a job posting. Experience comes in different forms; many skills are transferable – and passion goes a long way. Even more important than your resume is a clear demonstration of dedication, impact, and the ability to thrive in a dynamic, collaborative environment. We want you to learn new things in this role, and we encourage you to apply if your experience is near the desired qualifications.
   


 We also know that diversity of background and thought can enhance problem-solving and encourage more creative thinking, which is why we're dedicated to adding new perspectives to the team.
   


 At Lucid we foster a collaborative and inspiring workplace. We pride ourselves in doing this by recruiting, hiring and retaining diverse, passionate, and forward-thinking talent. Lucid is committed to and encourages an inclusive environment and we are dedicated to providing equal employment opportunity regardless of race, color, ancestry, religion, sex, national origin, sexual orientation, age, citizenship, marital status, disability, gender identity or Veteran status. If you have a disability or special need that requires accommodation, please let us know.
   


 More about Cint



 Cint is a global software leader in digital insights gathering. The Cint platform automates the insights gathering process so that companies can gain access to insights faster with unparalleled scale. Cint has the world’s largest consumer network for digital survey-based research, made up of over 155 million engaged respondents across more than 130 countries.
   


 Over 2,900 insights-driven companies - including SurveyMonkey, Zappi, Kantar and GfK - use Cint to accelerate how they gather consumer insights and supercharge business growth. Cint Group AB (publ), listed on Nasdaq Stockholm, has a rapidly growing team across 14 global offices, including Stockholm, London, New York, Singapore, Tokyo and Sydney. (www.cint.com)
   


"
Data Scientist - Customer Analytics,S&P Global,"Remote in Baton Rouge, LA 70801",Posted30+ days ago,2022-05-12,"
The role gives opportunity to be part of an expert group of elite distributed systems developers/engineers, who have cutting edge expertise in distributed…
",https://www.indeed.com/rc/clk?jk=5815917ae4080f14&fccid=b716e44d2c6283e7&vjs=3,"
The Role: Sr. Distributed Systems Engineer 
 

The Location: Virtual 
 

Grade Level: 11 (relevant for internal purpose only) 
 

The Team / The Business:
 The Grid computing team is responsible for the development of distributed computing system, Hadoop ecosystem based one, used as a backbone of the analytics, as well as content based applications. The group is also responsible for optimization of the application running directly on the distributed computing ecosystem. 
 

The Impact :
 The role, as part of the Grid computing team, will play a vital part in delivering quality cutting edge distributed technology, tailored to specific content and analytics business solutions. 
 

What’s in it for you :
 The role gives opportunity to be part of an expert group of elite distributed systems developers/engineers, who have cutting edge expertise in distributed system engineering and development and applying these systems to problems in the business space. 
 

Responsibilities:
 Distributed system implementation and development within the Apache Hadoop ecosystem 
 Apache Spark application optimization and development 
 Distributed system Application development integration and debugging 
 Linux shell application centric tools development and automation 
 Application and system integration activities with different systems and languages on Linux 
 Distributed system and application debugging and problem resolutions 
 

What We’re Looking For:
 3+ year’s experience with one or more from the distributed systems technologies list: 
 AKKA 
 SGE 
 EGO-Symphony, LSF ( Platform Computing, IBM ) 
 GridServer (DataSynapse,TIBCO) 
 Apache Spark 
 Apache Ignite 
 Globus toolkit 
 beowulf clusters 
 Hadoop ecosystem/Massively distributed NoSQL systems 
 Any Open Source Grid software 
 5+ year’s experience with C/C++,Java and Python 
 2+ year’s distributed programming experience with any middleware technology 
 2+ year’s experience with Ansible 
 

nix proficiency, shell scripting and OS system internals understandings, (kernel compilation is admirable experience)
 Development knowledge for Linux and Windows environments 
 Network protocol knowledge TCP/IP as well as socket/network or distributed middleware programming experience in C/C++ and Java (GO is also a good experience) 
 Multithreading experience C/C++ and Java 
 Knowledge about and experience with compartmentalization technologies (Docker and Kubernetes) 
 2-3 year’s experience in working with 100+ computational devices configured as a distributed cluster/grid infrastructure 
 Logic oriented thinking and ability to focus fast on important data out of seemingly unrelated data streams 
 Interest in building and experimenting with massively distributed systems and applications. 
 

Compensation/Benefits Information (US Applicants Only):
 S&P Global states that the anticipated base salary range for this position is $83,200 - $190,100. Base salary ranges may vary by geographic location. 
 In addition to base compensation, this role is eligible for an annual incentive bonus/a sales commission plan. 
 This role is eligible to receive additional S&P Global benefits. For more information on the benefits we provide to our employees, visit https://www.spgbenefitessentials.com/newhires . 
 S&P Global Market Intelligence 
 
 At S&P Global Market Intelligence, we know that not all information is important—some of it is vital. Accurate, deep and insightful. We integrate financial and industry data, research and news into tools that help track performance, generate alpha, identify investment ideas, understand competitive and industry dynamics, perform valuation and assess credit risk. Investment professionals, government agencies, corporations and universities globally can gain the intelligence essential to making business and financial decisions with conviction. 
 
 S&P Global Market Intelligence is a division of S&P Global (NYSE: SPGI), which provides essential intelligence for individuals, companies, and governments to make decisions with confidence. For more information, visit www.spglobal.com/marketintelligence . 
 
 S&P Global is an equal opportunity employer committed to making all employment decisions without regard to race/ethnicity, sex, pregnancy, gender identity or expression, color, creed, religion, national origin, age, disability, marital status (including domestic partnerships and civil unions), sexual orientation, military veteran status, unemployment status, or any other basis prohibited by federal, state or local law. Only electronic job submissions will be considered for employment. 
 If you need an accommodation during the application process due to a disability, please send an email to: EEO.Compliance@spglobal.com and your request will be forwarded to the appropriate person. 
 The EEO is the Law Poster http://www.dol.gov/ofccp/regs/compliance/posters/pdf/eeopost.pdf describes discrimination protections under federal law. 
 
 ----------------------------------------------------------- 
 
 Equal Opportunity Employer 
 S&P Global is an equal opportunity employer and all qualified candidates will receive consideration for employment without regard to race/ethnicity, color, religion, sex, sexual orientation, gender identity, national origin, age, disability, marital status, military veteran status, unemployment status, or any other status protected by law. Only electronic job submissions will be considered for employment. 
 
 If you need an accommodation during the application process due to a disability, please send an email to: EEO.Compliance@spglobal.com and your request will be forwarded to the appropriate person. 
 

US Candidates Only: The EEO is the Law Poster http://www.dol.gov/ofccp/regs/compliance/posters/pdf/eeopost.pdf describes discrimination protections under federal law. 
 
 ----------------------------------------------------------- 20 - Professional (EEO-2 Job Categories-United States of America), IFTECH202.2 - Middle Professional Tier II (EEO Job Group), SWP Priority – Ratings - (Strategic Workforce Planning) 
 

Job ID: 265751 
 
Posted On: 2022-04-07 
 
Location: Boston, Massachusetts, United States
"
Data Scientist - Customer Analytics,Pearson,"Baton Rouge, LA 70806",Posted30+ days ago,2022-05-12,"
Design, code, unit test, and deploy data processes for ingestion, transformation, or curation of big data while keeping data security and privacy in mind.
",https://www.indeed.com/rc/clk?jk=6671e578812306dc&fccid=915b1c0ee87e5e8a&vjs=3,"Senior Data Engineer
This is a Hybrid Role - Must be able to go into office in Denver, CO or Raleigh, NC
Do you want to be a part of big data in education? Pearson – the world’s leading learning company – has an exciting opportunity for a mid-level Data Engineer on the forefront of big data collection and curation.
Imagine all the interactions that a learner, educator or administrator has every day. Multiply that by the millions of learners, educators, and administrators around the world. All those interactions and events generate data. Now you can begin to understand the scale of data at Pearson.
You can have an impact on learners around the world by contributing to the curated data eco-system that is the foundation for a wide range of vital platform and business processes here at Pearson.
The Digital Analytics Cloud (DAC) Data team is the heart of Pearson’s data environment. As a member of this team, you’ll be responsible for ingesting, transforming, and curating data in our data lake. We use multiple technologies including AWS Snowflake and Google BigQuery. Our data lake has over 300 terabytes of data generated by application platforms, user interactions, and system monitors. Our consumers include applications, data science, machine learning, monitors, dashboards and reports.
Responsibilities:
Design, code, unit test, and deploy data processes for ingestion, transformation, or curation of big data while keeping data security and privacy in mind.
Actively participate in requirements and design meetings.
Enjoy a healthy technical debate but know how to collaboratively solve problems that move everyone forward.
Communicate well in-person, over email, and via instant messaging both within the team and with other development teams.
Work efficiently and collaboratively in an Agile (Scrum or Kanban) team environment.
Directly and meaningfully impact the experience of students, institutions, professors and administrators.
Be able to organize your workload based on team priorities.
Be willing to learn new skills whether they are directly tied to software development, software testing, server maintenance, or release and delivery.
Qualifications
The ideal candidate will be detail-oriented, self-directed, self-motivated, with a strong capacity for working successfully and flexibly with members across the organization.
2+ years of data engineering or ELT experience.
Experience and practice with one or more of the following technologies:
Snowflake
AWS Redshift, DMS or, Kinesis
Google BigQuery
Databricks
Commercial or open source ETL / ETL tools
Experience and practice with SQL.
Experience or interest working in cloud-based environments preferred.
Experience or interest in Python, Java or Scala.
Experience with automated deployments a plus.
Solid foundation in computer science, with experience in OO design and development and multiple data structures.
Experience with data modeling a plus.
Easy to work with, stays confident and optimistic in face of challenges.
Strong communication skills and the ability to communicate technical concepts to non-technical people.
As required by the Colorado Equal Pay Transparency Act, Pearson provides a reasonable range of minimum compensation for roles that may be hired in Colorado. Actual compensation is influenced by a wide array of factors including but not limited to skill set, level of experience, and specific office location. For the state of Colorado only , the range of starting pay for this role is $91,000 - $140,000 and information on benefits offered is here.
Benefits available to eligible employees can be seen at: https://pearsonbenefitsus.com/
Pearson is an Affirmative Action and Equal Opportunity Employer and a member of E-Verify. We are committed to building a team that represents a variety of backgrounds, perspectives, and skills. The more inclusive we are, the better our work will be. All employment is decided based on qualifications, merit, and business need. All qualified applicants will receive consideration for employment without regard to race, ethnicity, color, religion, sex, sexual orientation, gender identity, gender expression, age, national origin, protected veteran status, disability status, or any other group protected by law.
Learning is the most powerful force for change in the world. More than 20,000 Pearson employees deliver our products and services in nearly 200 countries, all working towards a common purpose – to help everyone achieve their potential through learning. We do that by providing high quality, digital content and learning experiences, as well as assessments and qualifications that help people build their skills and grow with the world around them. We are the world’s leading learning company. Learn more at pearsonplc.com.
Pearson believes that wherever learning flourishes, so do people. We are committed to being an anti-racist company in everything we do. We value the power of an inclusive culture and a strong sense of belonging. We promote a culture where differences are embraced, opportunities are accessible, consideration and respect are the norm, and all individuals are supported in reaching their full potential. Through our talent, we believe that diversity, equity, and inclusion make us a more innovative and vibrant place to work. People are at the center, and we are committed to a sustainable environment and workplace where talent can learn, grow, and thrive.
To learn more about Pearson’s commitment to a diverse and inclusive workforce, please click here: http://www.pearson.com/careers/diversity-and-inclusion.html
Pearson is an Affirmative Action and Equal Opportunity Employer and a member of E-Verify. We are committed to building a team that represents a variety of backgrounds, perspectives, and skills. The more inclusive we are, the better our work will be. All employment is decided based on qualifications, merit, and business need. All qualified applicants will receive consideration for employment without regard to race, ethnicity, color, religion, sex, sexual orientation, gender identity, gender expression, age, national origin, protected veteran status, disability status, or any other group protected by law.
Job: TECHNOLOGY
Organization: Corporate Strategy & Technology
Schedule: FULL\_TIME
Req ID: 2767"
Data Scientist - Customer Analytics,Change Healthcare,Louisiana+6 locations,Posted30+ days ago,2022-05-12,"
Work with team members including data analysts and data scientists to understand the data need of the warehouse and turn them into logical patterns,…
",https://www.indeed.com/rc/clk?jk=f4244f7911ca43cc&fccid=b1bd9b34a39d5dcd&vjs=3,"

Data Engineer

 Position Overview:
 The position will Assist in the creation of data driven solutions to business problems including data consolidation and normalization, generation of actionable business insight, building advanced analytical models, and partnering with operations and overhead partners for feedback and user acceptance. The candidate will assist in the expansion and maintenance of a consolidated data repository on a scalable cloud framework, ingesting new data in an automated way, linking that repository to analytical tools and systems, and assisting with both maintenance and updating of the repository on a regular basis. Work with team members including data analysts and data scientists to understand the data need of the warehouse and turn them into logical patterns, requirements, and structural solutions. Build and link cloud infrastructure to support data science and reporting solutions. Create and run ETL (extract, transform, load) processes to populate data warehouse confirming data integrity. Recommend data integrity standards including frameworks, templates, naming conventions, coding standards, and file formats. Monitor jobs for failure and resolve issues as needed.

 What will be my duties and responsibilities in this job?

 Build ETL pipelines for data ingestion and normalization in support of product development
 Continually enhance and improve data storage for high performance queries, easy understanding of fields, de-duplicated data, and seamless joins with other sources
 Build out cloud infrastructure in support of analytics products. Key activities include spinning up new appliances, linking solutions through firewalls, automating data exchange, and laying in CI/CD pipelines for quality assurance
 Update data within the repository including checks for accuracy, completeness, and conformance to data standards
 Monitor repository performance and ETL pipelines to ensure data integrity including responding to failed jobs
 Assist with ad-hoc data requests to answer questions from ops, client management or senior management


 What are the requirements needed for this position?

 5+ years of experience as Data Engineer with Microsoft SQL Server and Azure SQL Databases or similar database platforms
 BE or BS degree in Computer Science, Engineering, Information Systems, Business Analytics


 What critical skills are needed for you to consider someone for this position?

 Fluent with T-SQL, query analysis and optimization. Deep skills in modeling databases and data warehouses
 3+ years of experience with ETL/ELT workflows from scratch using Airflow, Azure Data Factory, SSIS or similar technologies
 3+ years of experience with Python, Spark, Hive, Hadoop
 2+ years of experience in creating containerized applications using Docker and Kubernetes
 2+ years of experience in administering Azure-based data infrastructures, including Windows/Linux systems administration (VMs or physical machines), storage, networking, security access, certificate, and compliance management.
 Experience with CI/CD for automated deployment, and integration with Azure DevOps
 2+ years of experience in administering Azure-based data infrastructures, including Windows/Linux systems administration (VMs or physical machines), storage, networking, security access, certificate, and compliance management.
 Experience in a Scaled Agile team – certification a plus
 Azure data engineering certification a plus (DP203)


 How much should I expect to travel?

 10%
 Employees in roles that require travel will need to be able to qualify for a company credit card or be able to use their own personal credit card for travel expenses and submit for reimbursement


 #li-remote
 Join our team today where we are creating a better coordinated, increasingly collaborative, and more efficient healthcare system!

 COVID Vaccination Requirements

 We remain committed to doing our part to ensure the health, safety, and well-being of our team members and our communities. As such, we require all employees to disclose COVID-19 vaccination status prior to beginning employment and we may require periodic testing for certain roles. In addition, some roles require full COVID-19 vaccination as an essential job function. Change Healthcare adheres to COVID-19 vaccination regulations as well as all client COVID-19 vaccination requirements and will obtain the necessary information from candidates prior to employment to ensure compliance.

 Equal Opportunity/Affirmative Action Statement 

Change Healthcare is an equal opportunity employer. All qualified applicants will receive consideration for employment without regard to race, color, religion, age, sex, sexual orientation, gender identity, genetic information, national origin, disability, or veteran status. To read more about employment discrimination protections under federal law, read EEO is the Law at https://www.eeoc.gov/employers/eeo-law-poster and the supplemental information at https://www.dol.gov/ofccp/regs/compliance/posters/pdf/OFCCP_EEO_Supplement_Final_JRF_QA_508c.pdf.

 If you need a reasonable accommodation to assist with your application for employment, please contact us by sending an email to applyaccommodations@changehealthcare.com with ""Applicant requesting reasonable accommodation"" as the subject. Resumes or CVs submitted to this email box will not be accepted.

 Click here https://www.dol.gov/ofccp/pdf/pay-transp_%20English_formattedESQA508c.pdf to view our pay transparency nondiscrimination policy.

 California (US) Residents: By submitting an application to Change Healthcare for consideration of any employment opportunity, you acknowledge that you have read and understood Change Healthcare’s Privacy Notice to California Job Applicants Regarding the Collection of Personal Information.

 Change Healthcare maintains a drug free workplace and conducts pre-employment drug-testing, where applicable, in accordance with federal, state and local laws.


"
Data Scientist - Customer Analytics,Baker Hughes,"New Orleans, LA 70170 (Central Business District area)",Posted14 days ago,2022-05-12,"
Helping define data engineering standards and processes that ensure data loaded into our systems is of the highest quality.
",https://www.indeed.com/rc/clk?jk=f3b7aaaf0712d000&fccid=f4c6ba597fc7aa75&vjs=3,"At Baker Hughes, we are building a Talent Community of highly talented and motivated professionals for future job roles. If you match the described job role and are as excited as we are to have you on-board in the future, please hit the apply button to be a part of our Talent Community.
As a member of our talent community, you will be amongst the first to get exclusive news about Baker Hughes, various cool projects we are working on, our employee success stories and new job opportunities you may be interested in.
As a data engineer, you will be responsible for defining data models as well as developing the data transformations required to populate the data model. You will work collaboratively with the immediate team and with other teams across different lines of business, to lead discussions focused on data engineering best practices.
As a Data Engineer, you will be responsible for:
Delivering large-sized data engineering stories and tasks on time
Helping define data engineering standards and processes that ensure data loaded into our systems is of the highest quality
Developing and executing maintainable scripts that validate, clean, and dedupe data from back end enterprise systems
Developing and enhancing automated data transformation tools and integrating them into continuous-integration frameworks
Applying agile principles and methodologies to all work
Working with fellow team members to create, interpret, data models and diagnose bugs/defects, document results and formulate solutions
Fuel your passion
To be successful in this role you will:
Have a bachelor’s degree or equivalent professional experience
Have at least 6 years of professional data engineering or software engineering experience
Have exceptional data modelling experience using RDMS technologies like PostgreSQL, Oracle, or MySQL
Have strong experience creating automated scripts that transform enterprise data sets
Have strong experience with ETL tools, DB performance tuning, and shell scripting
Have basic experience with source control systems like GitHub or GitLab
Have basic understanding of cloud providers like AWS, Azure or Google CloudPlease remember that joining the Talent Community is not an application for any specific job at Baker Hughes but to have the privilege of being considered for an opportunity that suits your profile on priority.
As part of our commitment to the health and safety of our employees, customers and the communities in which we operate, this role requires full vaccination for COVID-19 prior to beginning work.About Us:
With operations in over 120 countries, we provide better solutions for our customers and richer opportunities for our people. As a leading partner to the energy industry, we’re committed to achieving net-zero carbon emissions by 2050 and we’re always looking for the right people to help us get there. People who are as passionate as we are about making energy safer, cleaner and more efficient.

Join Us:
Are you seeking an opportunity to make a real difference in a company that values innovation and progress? Join us and become part of a team of people who will challenge and inspire you! Let’s come together and take energy forward.

Baker Hughes Company is an Equal Opportunity Employer. Employment decisions are made without regard to race, color, religion, national or ethnic origin, sex, sexual orientation, gender identity or expression, age, disability, protected veteran status or other characteristics protected by law."
Data Scientist - Customer Analytics,Change Healthcare,Remote in Louisiana,Posted30+ days ago,2022-05-12,"
Ensure industry best practices around data pipelines, metadata management, data quality, data governance and data privacy.
",https://www.indeed.com/rc/clk?jk=5c339c7aaf8321eb&fccid=b1bd9b34a39d5dcd&vjs=3,"

Title Senior Staff Engineer, Big Data Platform – Healthcare Data Cloud (Remote US Wide)  Overview of Position As Senior Staff Engineer, Big Data Platform, you will evolve the architecture of our healthcare data cloud (HDC) platform and building engines, pipelines and infrastructure that is scalable, robust and resilient, to validate, ingest, normalize/enrich and support business rule processing of healthcare data. You will provide leadership in big data and cloud technologies. You will work with engineering, product management, program management and operations teams planning and delivering the data platform products. You are an independent and resourceful backend or full-stack development engineer with advanced architecture, design and problem-solving skills, demonstrated competency in building enterprise and cloud products, and you enjoy working in diverse and fast paced engineering teams.
 What will be my duties and responsibilities in this job?


 Architect and develop a scalable and resilient cloud data platform and scalable data pipelines.
 Ensure industry best practices around data pipelines, metadata management, data quality, data governance and data privacy.
 Be a thought leader and partner in the development and execution of the Enterprise Technology Strategy
 Create new opportunities in this space for Change with new feature capabilities and new offerings that drive customer and business value.
 Partner with Product Management and Business leaders to drive Agile delivery of both existing and new offerings
 Assist with the Leadership and collaboration with engineering organizations within Change to manage and optimize portfolio.


 What are the requirements needed for this position?


 BS or MS in Computer Science or Engineering, and 12+ years of software development experience
 Strong backend programming skills for data processing, with practical knowledge of availability, scalability, clustering, microservices, multi-threaded development and performance patterns.
 6+ years of experience with Big Data pipelines with Spark in Java, Scala, Python
 Proven track record of technical leadership to build scaled data platforms and enterprise products, working in large engineering teams
 Experience with public Clouds such as AWS, Azure, GCP
 Excellent problem solving, analytical skills and technical troubleshooting abilities
 Demonstrated strong drive to learn and advocate continuous improvement of engineering practices
 Clarity and precision in verbal and written communications
 Experience working with customers, documentation, product management, operations and support.


 What other skills/experience would be helpful to have?


 Advances Innovation: Creating new and better ways for the organization to be successful
 Communicates Effectively: Developing and delivering multi-mode communications that convey a clear understanding of the unique need of different audiences
 Ensures Accountability: Holds self and other accountable to meet commitments.


 What are the working conditions and physical requirements of this job? 
General office demands

 #li-remote
 Join our team today where we are creating a better coordinated, increasingly collaborative, and more efficient healthcare system!

 COVID Vaccination Requirements

 We remain committed to doing our part to ensure the health, safety, and well-being of our team members and our communities. As such, we require all employees to disclose COVID-19 vaccination status prior to beginning employment and we may require periodic testing for certain roles. In addition, some roles require full COVID-19 vaccination as an essential job function. Change Healthcare adheres to COVID-19 vaccination regulations as well as all client COVID-19 vaccination requirements and will obtain the necessary information from candidates prior to employment to ensure compliance.

 Equal Opportunity/Affirmative Action Statement 

Change Healthcare is an equal opportunity employer. All qualified applicants will receive consideration for employment without regard to race, color, religion, age, sex, sexual orientation, gender identity, genetic information, national origin, disability, or veteran status. To read more about employment discrimination protections under federal law, read EEO is the Law at https://www.eeoc.gov/employers/eeo-law-poster and the supplemental information at https://www.dol.gov/ofccp/regs/compliance/posters/pdf/OFCCP_EEO_Supplement_Final_JRF_QA_508c.pdf.

 If you need a reasonable accommodation to assist with your application for employment, please contact us by sending an email to applyaccommodations@changehealthcare.com with ""Applicant requesting reasonable accommodation"" as the subject. Resumes or CVs submitted to this email box will not be accepted.

 Click here https://www.dol.gov/ofccp/pdf/pay-transp_%20English_formattedESQA508c.pdf to view our pay transparency nondiscrimination policy.

 California (US) Residents: By submitting an application to Change Healthcare for consideration of any employment opportunity, you acknowledge that you have read and understood Change Healthcare’s Privacy Notice to California Job Applicants Regarding the Collection of Personal Information.

 Change Healthcare maintains a drug free workplace and conducts pre-employment drug-testing, where applicable, in accordance with federal, state and local laws.


"
